--
-- User
--

INSERT INTO User (`id`, `createAt`, `updatedAt`, `deleteAt`, `email`, `password`, `firstName`, `lastName`, `school`, `active`) VALUES (1, '1977-07-20 05:02:05', '1970-05-20 14:21:03', '1985-03-06 00:43:09', 'becker.philippine@example.net', '08d9680fe89f8ca1f7f904642b6d912cb787a0a13915986fb14c6b6aae6390a7', 'Michèle', 'Durand', 'aperiam', 0);
INSERT INTO User (`id`, `createAt`, `updatedAt`, `deleteAt`, `email`, `password`, `firstName`, `lastName`, `school`, `active`) VALUES (2, '2011-06-27 08:34:20', '1994-08-07 07:23:46', '2006-09-17 09:06:39', 'foucher.marianne@example.com', '85f279a0692e124b59978c50406b1b54a22e543d0d564db1b4074d7e6633bb09', 'Émile', 'Joly', 'sapiente', 1);
INSERT INTO User (`id`, `createAt`, `updatedAt`, `deleteAt`, `email`, `password`, `firstName`, `lastName`, `school`, `active`) VALUES (3, '2017-04-22 16:56:50', '1970-09-11 01:10:45', '2005-11-25 18:44:59', 'khenry@example.com', '89dfbb827805805c4b22122d1842304564704ab36887744a8962abe6c4d41969', 'Guillaume', 'Laurent', 'dolores', 1);
INSERT INTO User (`id`, `createAt`, `updatedAt`, `deleteAt`, `email`, `password`, `firstName`, `lastName`, `school`, `active`) VALUES (4, '2001-08-10 01:06:22', '1975-02-16 05:36:35', '1972-08-04 09:13:18', 'lmarchand@example.org', '0a8b80639abd597e4033c71d1d03f771371c57b31639e1fbd6cd96825136dd63', 'Mathilde', 'Couturier', 'praesentium', 1);
INSERT INTO User (`id`, `createAt`, `updatedAt`, `deleteAt`, `email`, `password`, `firstName`, `lastName`, `school`, `active`) VALUES (5, '2000-07-03 03:12:52', '1988-04-05 04:11:45', '1975-11-07 04:04:52', 'julien.margot@example.net', '7055406b8e8712c372bb3c23a9a778e82f2fe010712db727cf398f68576e79d4', 'Victoire', 'Caron', 'neque', 1);
INSERT INTO User (`id`, `createAt`, `updatedAt`, `deleteAt`, `email`, `password`, `firstName`, `lastName`, `school`, `active`) VALUES (6, '2010-10-12 04:47:43', '2017-03-26 21:06:52', '2010-07-22 00:05:03', 'bpaul@example.com', 'd126a6f77cc077f0efe1496ae81dc67b2d79aab80b8955ec2d247c52ef248b47', 'Michelle', 'Fontaine', 'aliquam', 0);
INSERT INTO User (`id`, `createAt`, `updatedAt`, `deleteAt`, `email`, `password`, `firstName`, `lastName`, `school`, `active`) VALUES (7, '2004-10-12 15:34:19', '1976-10-10 03:20:51', '2013-08-30 19:50:53', 'bonnin.camille@example.com', 'a9b556eab31cd574d5621fcd248e4658ad621ad88b253c0e7fcc4a5c46f3caa0', 'Patricia', 'Richard', 'et', 1);
INSERT INTO User (`id`, `createAt`, `updatedAt`, `deleteAt`, `email`, `password`, `firstName`, `lastName`, `school`, `active`) VALUES (8, '2011-11-05 21:40:17', '2005-12-20 13:34:34', '2016-03-19 10:12:40', 'seguin.daisy@example.net', '801a89c50642460d43dd510ea181147724105ca5f2490a8dbdd2777e611d05d9', 'Jacqueline', 'Philippe', 'ad', 0);
INSERT INTO User (`id`, `createAt`, `updatedAt`, `deleteAt`, `email`, `password`, `firstName`, `lastName`, `school`, `active`) VALUES (9, '2009-01-03 07:25:43', '1971-02-08 00:07:06', '1991-12-31 05:34:24', 'ygimenez@example.org', '4b54e95714044cb315ae857e778acec25e1327271e3b586f313f8e4b7e00a963', 'Michelle', 'Olivier', 'provident', 1);
INSERT INTO User (`id`, `createAt`, `updatedAt`, `deleteAt`, `email`, `password`, `firstName`, `lastName`, `school`, `active`) VALUES (10, '2002-05-09 01:50:55', '2012-06-15 15:00:19', '2007-01-31 19:07:46', 'michel.raynaud@example.org', '4cc44cf4361d0ce18817ebaffc42ba551b78cf51bd8e21dbde36e9a3fbc3052a', 'Pénélope', 'Moreau', 'quas', 0);
INSERT INTO User (`id`, `createAt`, `updatedAt`, `deleteAt`, `email`, `password`, `firstName`, `lastName`, `school`, `active`) VALUES (11, '1991-02-18 10:12:49', '1995-06-04 03:12:36', '1984-06-06 14:36:27', 'bmathieu@example.com', '4aa1b24b39f7634aa8526828e4ad94b821a4de85f8dcc6f084f37956221365c9', 'Adèle', 'Richard', 'et', 1);
INSERT INTO User (`id`, `createAt`, `updatedAt`, `deleteAt`, `email`, `password`, `firstName`, `lastName`, `school`, `active`) VALUES (12, '2005-03-06 12:36:39', '1995-12-15 04:22:07', '1978-09-14 01:22:57', 'philippe.gauthier@example.org', '9df8b7307394d81157cfb854074fbb095e5dd76dc5e4581cf3eb02d41c497842', 'Guillaume', 'Ferreira', 'enim', 0);
INSERT INTO User (`id`, `createAt`, `updatedAt`, `deleteAt`, `email`, `password`, `firstName`, `lastName`, `school`, `active`) VALUES (13, '2004-01-31 16:24:58', '1976-03-18 17:45:52', '1970-07-04 06:11:34', 'lvoisin@example.net', 'ba78d9621323810b08e85dc84fc2c2726ea4622c587a7c709114d13cb6d758b6', 'Nicolas', 'Aubert', 'aut', 1);
INSERT INTO User (`id`, `createAt`, `updatedAt`, `deleteAt`, `email`, `password`, `firstName`, `lastName`, `school`, `active`) VALUES (14, '1977-09-02 09:20:20', '2013-06-18 21:09:14', '2005-08-04 14:13:44', 'aleblanc@example.com', '65bc11024c58e9195b4175937483d2035c8d25e664331e8584da477f5a49ac15', 'Nicolas', 'Colas', 'ipsam', 0);
INSERT INTO User (`id`, `createAt`, `updatedAt`, `deleteAt`, `email`, `password`, `firstName`, `lastName`, `school`, `active`) VALUES (15, '1983-01-18 21:26:49', '1996-05-09 21:33:20', '1988-05-21 00:47:27', 'célina.dacosta@example.com', '0699c5e641f05a5c3cc5bef16c4c5e36b9d3906cdc9a608f8a38760bfb89b20c', 'Amélie', 'Dumont', 'rerum', 0);
INSERT INTO User (`id`, `createAt`, `updatedAt`, `deleteAt`, `email`, `password`, `firstName`, `lastName`, `school`, `active`) VALUES (16, '1973-06-25 05:00:26', '1980-11-21 21:25:22', '2005-07-16 20:45:30', 'saubert@example.org', '338cae4e5926cb1a7cd0febeaa1f1bc4f06265edf2c963e9732d42e4e0e3bb10', 'Bertrand', 'Laroche', 'numquam', 0);
INSERT INTO User (`id`, `createAt`, `updatedAt`, `deleteAt`, `email`, `password`, `firstName`, `lastName`, `school`, `active`) VALUES (17, '1974-02-11 02:19:12', '2005-07-16 07:12:10', '1979-11-10 09:34:43', 'marie.schneider@example.com', '7f6c44ce41ce14afd83f289b1ebeebdfeb4c33585ec0a967d5deafd148a3811d', 'Robert', 'Verdier', 'in', 0);
INSERT INTO User (`id`, `createAt`, `updatedAt`, `deleteAt`, `email`, `password`, `firstName`, `lastName`, `school`, `active`) VALUES (18, '2007-10-08 21:57:37', '2010-01-29 10:23:18', '1989-08-07 04:44:49', 'franck65@example.org', 'ab5235b37d2b7092758bfba75439b1ea304effe725cc65be03f8954964ff9250', 'Dominique', 'Lopes', 'corporis', 0);
INSERT INTO User (`id`, `createAt`, `updatedAt`, `deleteAt`, `email`, `password`, `firstName`, `lastName`, `school`, `active`) VALUES (19, '2004-03-17 04:21:38', '1976-07-03 00:32:47', '2006-01-01 14:10:34', 'xavier.schmitt@example.com', '0410ced386a775814c0b08efd76328858bea511cb51c53acaf157a827891547c', 'Christelle', 'Jean', 'id', 0);
INSERT INTO User (`id`, `createAt`, `updatedAt`, `deleteAt`, `email`, `password`, `firstName`, `lastName`, `school`, `active`) VALUES (20, '1993-03-22 23:37:05', '1984-01-17 21:47:14', '2002-11-05 14:06:40', 'boucher.aimé@example.org', '3d776978f9c932c3a90e2a45236d20a8dca5b686fe0362b7f6774e2e2376b4e4', 'Robert', 'Thibault', 'maiores', 1);
INSERT INTO User (`id`, `createAt`, `updatedAt`, `deleteAt`, `email`, `password`, `firstName`, `lastName`, `school`, `active`) VALUES (21, '2006-01-03 23:38:03', '1976-01-31 18:57:00', '1978-08-05 21:35:14', 'nicole.morvan@example.org', '2bafa9aadf488eb96430c456dda94590445da9f952e031a93f31087848bd4002', 'Sébastien', 'Herve', 'distinctio', 0);
INSERT INTO User (`id`, `createAt`, `updatedAt`, `deleteAt`, `email`, `password`, `firstName`, `lastName`, `school`, `active`) VALUES (22, '1988-08-28 12:17:15', '2001-09-19 05:32:14', '1997-10-25 08:11:21', 'riviere.guy@example.org', '9d028cdce0dae108f7fd6dead267deea364455e31944cf617541bbdd5d776e7b', 'Françoise', 'Jacquet', 'ab', 1);
INSERT INTO User (`id`, `createAt`, `updatedAt`, `deleteAt`, `email`, `password`, `firstName`, `lastName`, `school`, `active`) VALUES (23, '1998-07-26 10:57:54', '1997-09-14 19:58:40', '1970-01-08 13:58:31', 'aurore09@example.com', '003d80eb47942430aa96af1848b2d9dd56296692b07570e9d53ce5d16bc9889e', 'Stéphane', 'Sauvage', 'hic', 0);
INSERT INTO User (`id`, `createAt`, `updatedAt`, `deleteAt`, `email`, `password`, `firstName`, `lastName`, `school`, `active`) VALUES (24, '1987-06-08 00:38:28', '2001-09-05 21:18:21', '1988-03-08 21:42:08', 'boyer.andré@example.net', 'd5c98594361e7939fb3509b2d4c5249493a843e5f0c63bf5947325d33a062bdc', 'Denis', 'Philippe', 'impedit', 0);
INSERT INTO User (`id`, `createAt`, `updatedAt`, `deleteAt`, `email`, `password`, `firstName`, `lastName`, `school`, `active`) VALUES (25, '1998-01-20 14:42:03', '1985-03-23 09:25:14', '2006-06-09 11:34:10', 'dorothée23@example.com', 'ea1fdc1f6c2c3ca74d0a57b21ddb8b1880675e9c73cc528c2268221458b40d5d', 'Émilie', 'Ledoux', 'facilis', 0);
INSERT INTO User (`id`, `createAt`, `updatedAt`, `deleteAt`, `email`, `password`, `firstName`, `lastName`, `school`, `active`) VALUES (26, '1986-03-01 23:14:00', '2017-09-20 01:09:25', '1984-10-05 22:44:55', 'ribeiro.alexandrie@example.net', '6a23479960f86538b3978e41d79f336c1e23e4e8567e988f8d8752cd913bfa21', 'Étienne', 'Descamps', 'doloremque', 1);
INSERT INTO User (`id`, `createAt`, `updatedAt`, `deleteAt`, `email`, `password`, `firstName`, `lastName`, `school`, `active`) VALUES (27, '2004-03-22 08:49:34', '1986-09-20 21:03:47', '1994-11-22 02:52:48', 'marie.astrid@example.com', '4d3a688c8e43b9ff3c32e5ef335c9dababa1326b3032692f9645c53b78650342', 'Richard', 'Carlier', 'adipisci', 1);
INSERT INTO User (`id`, `createAt`, `updatedAt`, `deleteAt`, `email`, `password`, `firstName`, `lastName`, `school`, `active`) VALUES (28, '2007-03-31 07:32:25', '1981-02-05 18:29:53', '1977-08-01 06:37:07', 'roger08@example.org', 'e2e9fe31cef8b2d370fc5b2c903e1563dd666725a8f5bc04e190845372c663fe', 'Paul', 'Dupont', 'pariatur', 1);
INSERT INTO User (`id`, `createAt`, `updatedAt`, `deleteAt`, `email`, `password`, `firstName`, `lastName`, `school`, `active`) VALUES (29, '2007-08-19 04:46:22', '1997-02-02 04:04:17', '2006-08-19 21:11:35', 'yblanchet@example.net', 'd2512febb22568f15612d06ec4fc995a35ed0a79e9b0a2b45046f5d661c837b0', 'Patrick', 'Gauthier', 'ut', 1);
INSERT INTO User (`id`, `createAt`, `updatedAt`, `deleteAt`, `email`, `password`, `firstName`, `lastName`, `school`, `active`) VALUES (30, '1980-10-29 21:11:43', '1979-01-31 08:25:17', '2005-12-07 07:02:06', 'sabine.legrand@example.com', '35d7b680455eadf7ee6f46a71521c9f9bc33c15aa688a82a3c0f69abe4f8a28c', 'Rémy', 'Thibault', 'ratione', 0);
INSERT INTO User (`id`, `createAt`, `updatedAt`, `deleteAt`, `email`, `password`, `firstName`, `lastName`, `school`, `active`) VALUES (31, '1981-08-09 13:14:33', '1972-08-11 12:48:40', '2001-12-12 23:09:10', 'adrienne.pascal@example.org', 'f5f30b444e902e52b5c261a5c830a275424d8f7a338136984fe44f8ad0849a69', 'Benjamin', 'Regnier', 'voluptates', 1);
INSERT INTO User (`id`, `createAt`, `updatedAt`, `deleteAt`, `email`, `password`, `firstName`, `lastName`, `school`, `active`) VALUES (32, '1998-06-13 06:29:28', '1996-11-04 05:33:13', '2007-05-25 02:59:22', 'adélaïde65@example.com', '102890587c878c1ba0ef93188c97bcbde3650cbf67fa6cddd97fea95185d5b70', 'Denise', 'Chauveau', 'nihil', 0);
INSERT INTO User (`id`, `createAt`, `updatedAt`, `deleteAt`, `email`, `password`, `firstName`, `lastName`, `school`, `active`) VALUES (33, '2010-02-27 19:16:51', '1978-01-25 07:34:43', '1979-10-08 06:54:43', 'jacquot.joseph@example.net', '2dea1cddef4d92c91a39e9ccd0aacbf7e714a29f42521071d36244a2f1f7e151', 'Hortense', 'Evrard', 'molestiae', 0);
INSERT INTO User (`id`, `createAt`, `updatedAt`, `deleteAt`, `email`, `password`, `firstName`, `lastName`, `school`, `active`) VALUES (34, '1986-11-10 07:42:59', '2001-10-21 08:25:34', '1993-06-01 01:34:43', 'grégoire62@example.net', '5a001edd621a185447e0e55e9c757ee570a3a3bcb521444fe19d242e9771ecb0', 'Margot', 'Fontaine', 'rerum', 1);
INSERT INTO User (`id`, `createAt`, `updatedAt`, `deleteAt`, `email`, `password`, `firstName`, `lastName`, `school`, `active`) VALUES (35, '1975-02-08 15:07:42', '1971-10-08 15:46:42', '2014-12-19 10:04:43', 'juliette35@example.org', '0858acf726da71d2c897634699a70ee9be221be44d93aff54162335ae4ed102a', 'Maryse', 'Charles', 'ea', 1);
INSERT INTO User (`id`, `createAt`, `updatedAt`, `deleteAt`, `email`, `password`, `firstName`, `lastName`, `school`, `active`) VALUES (36, '2001-05-26 21:01:43', '2010-03-01 10:24:02', '1997-07-04 14:11:50', 'emmanuel.mathieu@example.com', 'c0e31dad3a1520b7b5c130fa5582b081e7519019c97a5a460aefc2ffef41425b', 'Aurore', 'Sanchez', 'occaecati', 1);
INSERT INTO User (`id`, `createAt`, `updatedAt`, `deleteAt`, `email`, `password`, `firstName`, `lastName`, `school`, `active`) VALUES (37, '1999-07-27 22:20:55', '2004-06-11 17:46:35', '1986-11-19 08:43:03', 'hdelannoy@example.net', '39210d5751286a45ff29bd202bd6467ccb692c387586d4df620c09fab7b72d90', 'Océane', 'Gilbert', 'ut', 1);
INSERT INTO User (`id`, `createAt`, `updatedAt`, `deleteAt`, `email`, `password`, `firstName`, `lastName`, `school`, `active`) VALUES (38, '1999-07-25 07:54:17', '1970-11-04 04:56:32', '1972-05-04 18:10:19', 'benoît74@example.net', '505c58824c65c0adfa7b2bcb55959641e3c6decf332fae050c7fc5cdd181114f', 'Benjamin', 'Bouvet', 'corrupti', 0);
INSERT INTO User (`id`, `createAt`, `updatedAt`, `deleteAt`, `email`, `password`, `firstName`, `lastName`, `school`, `active`) VALUES (39, '1996-05-07 15:35:16', '1973-08-23 11:05:36', '1996-05-06 00:07:49', 'aimé.olivier@example.org', '21c49ef8c60c8a66e35a4015f38e6adea79a59b8e42151567ce5df9a357d5de8', 'Philippine', 'Evrard', 'quaerat', 1);
INSERT INTO User (`id`, `createAt`, `updatedAt`, `deleteAt`, `email`, `password`, `firstName`, `lastName`, `school`, `active`) VALUES (40, '1997-12-08 22:57:59', '2004-03-29 23:16:10', '1979-01-16 23:29:25', 'hteixeira@example.org', '309383c0940e55a9eee6a045ca8cda848d5a96c7e1e4081016b922d28380beb9', 'Georges', 'Gomes', 'sint', 1);
INSERT INTO User (`id`, `createAt`, `updatedAt`, `deleteAt`, `email`, `password`, `firstName`, `lastName`, `school`, `active`) VALUES (41, '1992-01-16 05:37:40', '1995-04-03 07:38:36', '2008-12-27 18:02:46', 'gilbert.denis@example.com', '8b937d3654f737a55cab85ee84cbe19102144d6df79661eab2d3605a8b42998c', 'Valérie', 'Thierry', 'et', 1);
INSERT INTO User (`id`, `createAt`, `updatedAt`, `deleteAt`, `email`, `password`, `firstName`, `lastName`, `school`, `active`) VALUES (42, '1978-12-20 06:52:51', '1993-05-12 23:22:57', '1996-10-13 17:36:22', 'zoé.camus@example.com', 'a1d018eb849659d12463d2e8f35be65d652163efb378b9097cd7aa019d7820b7', 'Christelle', 'Dijoux', 'reprehenderit', 1);
INSERT INTO User (`id`, `createAt`, `updatedAt`, `deleteAt`, `email`, `password`, `firstName`, `lastName`, `school`, `active`) VALUES (43, '1974-01-26 13:10:56', '1974-01-12 04:41:39', '1999-04-11 17:49:28', 'geneviève60@example.net', 'a35dcaa44835cf58f86ed1dc99298821f24fdd494ef837006f6e56d2fefe75cf', 'Isaac', 'Lebon', 'voluptate', 1);
INSERT INTO User (`id`, `createAt`, `updatedAt`, `deleteAt`, `email`, `password`, `firstName`, `lastName`, `school`, `active`) VALUES (44, '1992-07-16 21:44:24', '1971-06-01 04:06:16', '2013-03-20 00:44:22', 'loiseau.jean@example.org', 'd7a756de03376f11c2c3d879f77cdb07cf20d6426ec6444899bd06066a6e6e41', 'Sébastien', 'Noel', 'voluptatibus', 1);
INSERT INTO User (`id`, `createAt`, `updatedAt`, `deleteAt`, `email`, `password`, `firstName`, `lastName`, `school`, `active`) VALUES (45, '2009-02-07 12:54:58', '1973-01-05 16:52:39', '1993-04-26 15:57:16', 'lucy.dossantos@example.net', '60070baa0aa574c85ac31df809876fc7fda80dbe7435f3413e8a417b59eb96c6', 'Xavier', 'Bruneau', 'rerum', 0);
INSERT INTO User (`id`, `createAt`, `updatedAt`, `deleteAt`, `email`, `password`, `firstName`, `lastName`, `school`, `active`) VALUES (46, '1989-05-19 18:07:53', '1988-03-23 22:11:36', '1983-02-27 05:24:46', 'constance.perret@example.com', '0d81d48421fad658fd61fa475de9caa804aceca1a3247897df7a760d99793762', 'Adrien', 'Boulay', 'explicabo', 1);
INSERT INTO User (`id`, `createAt`, `updatedAt`, `deleteAt`, `email`, `password`, `firstName`, `lastName`, `school`, `active`) VALUES (47, '1989-05-15 01:17:33', '2012-12-17 06:05:07', '1991-04-07 18:17:12', 'louis42@example.com', 'b46d49c6319a0a579333a3d5330126d265f6b13232f49ae0420873f34bc457a0', 'Marcel', 'Valette', 'eum', 0);
INSERT INTO User (`id`, `createAt`, `updatedAt`, `deleteAt`, `email`, `password`, `firstName`, `lastName`, `school`, `active`) VALUES (48, '2011-04-21 18:10:58', '1979-01-01 06:15:00', '1978-08-17 04:42:26', 'colin.hélène@example.net', 'd012ecf03f60d6296edc3504b8a1409b71e08196e8e4ef927c296f9a3e73671f', 'Maurice', 'Gilbert', 'asperiores', 0);
INSERT INTO User (`id`, `createAt`, `updatedAt`, `deleteAt`, `email`, `password`, `firstName`, `lastName`, `school`, `active`) VALUES (49, '1993-06-21 11:51:23', '1978-07-13 04:14:47', '2013-02-14 18:34:56', 'alphonse40@example.net', '0f1e49f11bd6c87090f772af03201e772e0a794254449697ed6d199e2022b51e', 'Raymond', 'Garcia', 'ratione', 1);
INSERT INTO User (`id`, `createAt`, `updatedAt`, `deleteAt`, `email`, `password`, `firstName`, `lastName`, `school`, `active`) VALUES (50, '2004-12-20 17:21:40', '1988-03-08 12:01:30', '1973-02-11 00:36:48', 'claude.bigot@example.com', '3be17bf1a346a21f1972768ebf7fb6195e0e7e0b2bcf5635bab4fc410ecfa392', 'Lucie', 'Joly', 'autem', 1);
INSERT INTO User (`id`, `createAt`, `updatedAt`, `deleteAt`, `email`, `password`, `firstName`, `lastName`, `school`, `active`) VALUES (51, '1986-08-20 19:34:14', '1979-06-04 00:02:12', '1970-12-15 00:16:08', 'célina.marion@example.org', 'aa8a358d0bd3c2c4751a89abcaf0d5dcec6e1b540c0ece07f623d91a21ed1b78', 'Frédéric', 'Coste', 'molestiae', 0);
INSERT INTO User (`id`, `createAt`, `updatedAt`, `deleteAt`, `email`, `password`, `firstName`, `lastName`, `school`, `active`) VALUES (52, '1979-09-28 08:40:41', '1979-05-09 11:20:54', '1988-10-08 01:05:49', 'charles.legall@example.com', 'a624729437040ff625da0d5ef6af403a878575c46ce737379ffca879d69ee6ef', 'Frédéric', 'Bourgeois', 'optio', 0);
INSERT INTO User (`id`, `createAt`, `updatedAt`, `deleteAt`, `email`, `password`, `firstName`, `lastName`, `school`, `active`) VALUES (53, '2004-07-17 20:29:44', '1970-09-03 20:21:41', '1992-01-08 03:40:52', 'michelle26@example.org', 'bcaedf077197f7a9746914004a789fb80088b02bdda6721a3abb59238cc44868', 'Laurence', 'Rousseau', 'esse', 0);
INSERT INTO User (`id`, `createAt`, `updatedAt`, `deleteAt`, `email`, `password`, `firstName`, `lastName`, `school`, `active`) VALUES (54, '2017-03-15 08:08:59', '2010-09-11 14:22:37', '2000-12-14 19:40:48', 'olivier.cohen@example.net', 'f1227326ffa24ededc469c6c55e528072b535faa7076b6327af1eef93479d170', 'Thomas', 'Marechal', 'voluptas', 1);
INSERT INTO User (`id`, `createAt`, `updatedAt`, `deleteAt`, `email`, `password`, `firstName`, `lastName`, `school`, `active`) VALUES (55, '1976-04-08 03:27:25', '1985-05-23 17:03:33', '2016-08-10 14:53:07', 'david.etienne@example.org', 'a933417069419513197f893f94ba178abb984f9898081f6dac5cf741a6225729', 'André', 'Pons', 'amet', 1);
INSERT INTO User (`id`, `createAt`, `updatedAt`, `deleteAt`, `email`, `password`, `firstName`, `lastName`, `school`, `active`) VALUES (56, '1986-01-09 13:53:41', '2013-08-10 23:47:13', '2001-07-14 23:59:18', 'fmorin@example.net', '2c5e31e64cd8f7ce2f10bc3f3b1acd23c8c4fe67584c223ffb83466a532c44c6', 'Sabine', 'Couturier', 'qui', 0);
INSERT INTO User (`id`, `createAt`, `updatedAt`, `deleteAt`, `email`, `password`, `firstName`, `lastName`, `school`, `active`) VALUES (57, '1997-05-12 14:51:03', '2007-08-21 01:03:19', '1995-04-16 21:49:01', 'mloiseau@example.net', '07f9c08e7b0575af7c94708973d0b7ceea2be04ff9e972a20b69be7e8e95681e', 'Yves', 'Navarro', 'in', 0);
INSERT INTO User (`id`, `createAt`, `updatedAt`, `deleteAt`, `email`, `password`, `firstName`, `lastName`, `school`, `active`) VALUES (58, '1989-08-17 03:45:45', '2003-07-11 22:35:01', '2010-07-26 11:48:11', 'smoreau@example.com', '953ee1e8009ff2ac158d993758f5bbac8566dcfae24890e2cbcab875990bd3ef', 'André', 'Bousquet', 'hic', 1);
INSERT INTO User (`id`, `createAt`, `updatedAt`, `deleteAt`, `email`, `password`, `firstName`, `lastName`, `school`, `active`) VALUES (59, '1993-04-11 20:37:50', '2007-03-19 01:06:38', '1992-05-09 22:52:23', 'caroline.lebrun@example.org', '413803468ef49917cf30c15d291f09b55d9561f0b4f1fa074fc36549ad7f4a74', 'Léon', 'Valentin', 'minima', 0);
INSERT INTO User (`id`, `createAt`, `updatedAt`, `deleteAt`, `email`, `password`, `firstName`, `lastName`, `school`, `active`) VALUES (60, '2005-04-15 17:36:36', '1995-04-26 18:29:49', '1981-10-10 11:16:13', 'roux.corinne@example.com', '3959f59488557742bcfbc15296b2d567884dd76830f8d9ed2d4fd5975c101bbd', 'Manon', 'Costa', 'est', 0);
INSERT INTO User (`id`, `createAt`, `updatedAt`, `deleteAt`, `email`, `password`, `firstName`, `lastName`, `school`, `active`) VALUES (61, '1983-04-30 17:11:23', '2014-07-02 09:57:28', '1971-10-17 23:42:50', 'bertrand.christophe@example.com', '4e59e0b022d2e08e8352188cbcbf1d38abeecab91e25cfff44c9568933876704', 'Antoine', 'Duhamel', 'sapiente', 0);
INSERT INTO User (`id`, `createAt`, `updatedAt`, `deleteAt`, `email`, `password`, `firstName`, `lastName`, `school`, `active`) VALUES (62, '1970-10-28 05:37:58', '1992-11-02 16:01:28', '1991-09-03 13:27:27', 'martine.bernard@example.net', '7d036b78671522490dd179b7dd4ed3b7e138cff86a685ed5164016884df1dd11', 'Alexandre', 'Lucas', 'quisquam', 1);
INSERT INTO User (`id`, `createAt`, `updatedAt`, `deleteAt`, `email`, `password`, `firstName`, `lastName`, `school`, `active`) VALUES (63, '1972-07-03 06:49:41', '1993-02-08 14:11:43', '2000-03-21 17:21:26', 'sébastien64@example.org', '10dc180004f217ae9484aa2b124352cb843f0651f73011730bcca97e28c584bc', 'Chantal', 'Neveu', 'deleniti', 0);
INSERT INTO User (`id`, `createAt`, `updatedAt`, `deleteAt`, `email`, `password`, `firstName`, `lastName`, `school`, `active`) VALUES (64, '1996-08-22 01:46:14', '2014-01-20 19:50:12', '2006-11-11 19:58:05', 'nguyen.rené@example.org', '46accbfcdcfbf5e4f168ee9cfbd26a2dd6985b108a4e60003c5d3c007df4d000', 'Henri', 'Salmon', 'quibusdam', 0);
INSERT INTO User (`id`, `createAt`, `updatedAt`, `deleteAt`, `email`, `password`, `firstName`, `lastName`, `school`, `active`) VALUES (65, '1986-08-04 20:44:28', '1998-11-23 20:37:30', '2003-11-23 10:17:43', 'amélie32@example.net', '7068703f490d8fcf26c6b8a52ecd0df9b0f1de06f188d5400eeef696fff54aad', 'Amélie', 'Moulin', 'provident', 0);
INSERT INTO User (`id`, `createAt`, `updatedAt`, `deleteAt`, `email`, `password`, `firstName`, `lastName`, `school`, `active`) VALUES (66, '2004-07-25 13:10:30', '1973-03-17 21:59:18', '1999-10-23 08:11:07', 'isaac37@example.org', 'd5af41257ef8d5e4d087e35a47b048e3b7271f89945d16551917d294df95468a', 'Gérard', 'Fleury', 'molestiae', 0);
INSERT INTO User (`id`, `createAt`, `updatedAt`, `deleteAt`, `email`, `password`, `firstName`, `lastName`, `school`, `active`) VALUES (67, '1990-12-01 13:00:11', '2005-05-21 01:57:27', '2009-03-02 04:24:18', 'berthelot.xavier@example.org', '1eed7a7da8dadf31d25276fd86ee87753d371918fa1f12a6b8159b9e25878913', 'Audrey', 'Vincent', 'perferendis', 0);
INSERT INTO User (`id`, `createAt`, `updatedAt`, `deleteAt`, `email`, `password`, `firstName`, `lastName`, `school`, `active`) VALUES (68, '2015-10-04 16:44:10', '2016-10-05 10:57:15', '1971-08-16 15:30:22', 'bernard89@example.org', '2cbe9435b3bddddef98c10dd42fb890a27a01d3b51d127db07785c06bb5a0e09', 'Raymond', 'Olivier', 'voluptas', 1);
INSERT INTO User (`id`, `createAt`, `updatedAt`, `deleteAt`, `email`, `password`, `firstName`, `lastName`, `school`, `active`) VALUES (69, '1978-04-17 21:14:10', '1986-12-11 19:15:26', '2013-11-26 04:59:18', 'christophe55@example.com', 'b955634cda91c6c76da8e6ca94aa759fa0935dcbeab7a722d1193562c9604eee', 'Laurent', 'Lefebvre', 'quisquam', 0);
INSERT INTO User (`id`, `createAt`, `updatedAt`, `deleteAt`, `email`, `password`, `firstName`, `lastName`, `school`, `active`) VALUES (70, '2006-04-29 17:17:02', '1989-09-28 18:29:55', '1991-05-05 03:42:27', 'patrick.masson@example.com', 'e9671fd45e6556a22250a631dc5cda188e83828e0eba268f87286395ac21fe7e', 'Thérèse', 'Durand', 'mollitia', 0);
INSERT INTO User (`id`, `createAt`, `updatedAt`, `deleteAt`, `email`, `password`, `firstName`, `lastName`, `school`, `active`) VALUES (71, '2004-03-16 05:07:07', '2012-03-21 06:47:06', '1991-07-12 17:29:26', 'hortense39@example.com', 'da74d4265064ce43d15f02fc49888b7e227835ab67f3c1c1ce1dc6a8662a2ee7', 'Émile', 'Barthelemy', 'consequatur', 1);
INSERT INTO User (`id`, `createAt`, `updatedAt`, `deleteAt`, `email`, `password`, `firstName`, `lastName`, `school`, `active`) VALUES (72, '1972-03-27 07:55:00', '1998-05-17 05:23:24', '1979-01-16 05:37:49', 'emmanuel91@example.org', '4447f15e973bdab98c924885758004456522c5ec390027c31e002fd1c61b7b06', 'Roland', 'Payet', 'fuga', 1);
INSERT INTO User (`id`, `createAt`, `updatedAt`, `deleteAt`, `email`, `password`, `firstName`, `lastName`, `school`, `active`) VALUES (73, '1971-04-04 15:23:18', '1981-06-12 22:02:33', '2010-07-22 05:03:37', 'tmoreau@example.org', '9b5310b744c889f2c70645897b0decffb325668b8dd73787e86ecc84dbafeed2', 'William', 'Didier', 'sequi', 1);
INSERT INTO User (`id`, `createAt`, `updatedAt`, `deleteAt`, `email`, `password`, `firstName`, `lastName`, `school`, `active`) VALUES (74, '1995-09-03 09:25:12', '2012-11-18 01:01:12', '2000-09-26 17:35:48', 'martin84@example.net', '203c18494973a728c9cf8c5e8146c828adf770628a19a999b9b97766b6fc9524', 'Thibaut', 'Garcia', 'accusantium', 0);
INSERT INTO User (`id`, `createAt`, `updatedAt`, `deleteAt`, `email`, `password`, `firstName`, `lastName`, `school`, `active`) VALUES (75, '1972-09-26 15:15:13', '2012-08-02 20:43:51', '2010-03-09 00:18:28', 'delmas.bertrand@example.com', 'bcae99630a1c2700a1cec24265b67a1eb603087171bb3671a0790a5736729c32', 'Josette', 'Poirier', 'dolorem', 1);
INSERT INTO User (`id`, `createAt`, `updatedAt`, `deleteAt`, `email`, `password`, `firstName`, `lastName`, `school`, `active`) VALUES (76, '1988-03-07 22:19:41', '1991-08-26 18:57:31', '1990-10-01 17:07:29', 'joseph.carpentier@example.com', '50d4eaaf532a26383baa3de7706aa5f463699b075df91818fff49957e7a2208d', 'Thérèse', 'Riou', 'ullam', 0);
INSERT INTO User (`id`, `createAt`, `updatedAt`, `deleteAt`, `email`, `password`, `firstName`, `lastName`, `school`, `active`) VALUES (77, '1971-03-08 23:08:14', '1999-12-05 12:33:58', '2001-01-31 13:01:49', 'emeunier@example.com', '42875cee9f2e29f682ca1eb86fa373b36078d9c5d3323d27d067fbcb72acbb8c', 'René', 'Alves', 'facere', 1);
INSERT INTO User (`id`, `createAt`, `updatedAt`, `deleteAt`, `email`, `password`, `firstName`, `lastName`, `school`, `active`) VALUES (78, '1976-08-07 11:21:50', '1998-01-14 00:25:39', '2004-02-25 10:41:50', 'christophe.auger@example.com', 'b1566b1c09d7eed1473d615c82a671632dcfbb2a598d445d8a173da39a79e28d', 'Bertrand', 'Payet', 'voluptate', 1);
INSERT INTO User (`id`, `createAt`, `updatedAt`, `deleteAt`, `email`, `password`, `firstName`, `lastName`, `school`, `active`) VALUES (79, '2004-05-06 17:15:54', '1998-04-13 17:55:15', '1970-10-17 12:45:23', 'jacqueline.camus@example.net', '3bd1edcaf7844d2e3fe02793fba5c3fd1ada465e625c9418e83630592c2e1b7c', 'Gilles', 'Voisin', 'dolore', 0);
INSERT INTO User (`id`, `createAt`, `updatedAt`, `deleteAt`, `email`, `password`, `firstName`, `lastName`, `school`, `active`) VALUES (80, '2000-04-10 13:22:18', '1996-08-28 21:26:04', '2012-05-04 18:34:34', 'anouk.marie@example.net', '96aeb0775162003d6fc50aade59353d3c9e21533cd3b6df832688b1b3ace3eb0', 'Cécile', 'Joseph', 'rerum', 1);
INSERT INTO User (`id`, `createAt`, `updatedAt`, `deleteAt`, `email`, `password`, `firstName`, `lastName`, `school`, `active`) VALUES (81, '1988-01-07 06:48:08', '2011-12-08 11:56:57', '1992-11-23 07:13:13', 'xavier48@example.org', 'c9dfb101a8ec678074b38c6d6a045ab75b4d4dfecb0bb2312be81e4395703aff', 'Sébastien', 'Devaux', 'natus', 0);
INSERT INTO User (`id`, `createAt`, `updatedAt`, `deleteAt`, `email`, `password`, `firstName`, `lastName`, `school`, `active`) VALUES (82, '2003-05-02 09:16:11', '2004-11-08 13:25:56', '2007-08-18 06:41:05', 'chantal00@example.org', 'a696733a4c1a0c8118b9afb481290cf1f8a833f3a546ddcc3d228770ad72f595', 'Charles', 'Pereira', 'quia', 0);
INSERT INTO User (`id`, `createAt`, `updatedAt`, `deleteAt`, `email`, `password`, `firstName`, `lastName`, `school`, `active`) VALUES (83, '1986-07-09 07:57:28', '1980-09-05 06:03:31', '2000-03-29 08:16:34', 'desousa.simone@example.net', '6706b41dd8f8c972d985dcf4ff4974c278165724681c76f21f47e75b68af3c6a', 'Auguste', 'Chauvet', 'laudantium', 1);
INSERT INTO User (`id`, `createAt`, `updatedAt`, `deleteAt`, `email`, `password`, `firstName`, `lastName`, `school`, `active`) VALUES (84, '1995-11-04 06:56:41', '1989-01-17 01:39:20', '2015-07-12 10:32:57', 'timothée09@example.org', '8d7ca1a3a641ee461f21d1a4b386b8e7fcae491382052f48e909de1d4d198897', 'Matthieu', 'Herve', 'ab', 0);
INSERT INTO User (`id`, `createAt`, `updatedAt`, `deleteAt`, `email`, `password`, `firstName`, `lastName`, `school`, `active`) VALUES (85, '1995-01-10 21:40:29', '1975-04-07 20:38:46', '1998-05-30 11:08:13', 'htoussaint@example.net', '309364c4878fc5422bed3582c167604c6370fa9546a82b9dc130c74f5f007ec3', 'Odette', 'Garcia', 'velit', 1);
INSERT INTO User (`id`, `createAt`, `updatedAt`, `deleteAt`, `email`, `password`, `firstName`, `lastName`, `school`, `active`) VALUES (86, '1973-08-24 09:48:45', '1993-08-19 10:22:41', '1971-10-25 22:22:46', 'ijacquot@example.net', '1e0bc2a2fbd42419a013164abe0a9ebb0c576b6acf9ef8a5851bda1fad44b43f', 'Adrien', 'Joly', 'rerum', 1);
INSERT INTO User (`id`, `createAt`, `updatedAt`, `deleteAt`, `email`, `password`, `firstName`, `lastName`, `school`, `active`) VALUES (87, '1994-03-13 10:05:24', '2004-11-02 18:30:34', '1994-06-23 11:46:05', 'rgilbert@example.org', '186ebad670096c044f91d3a10815c68fd604248794af55d00c724e564d3eab80', 'Isabelle', 'Morvan', 'quae', 1);
INSERT INTO User (`id`, `createAt`, `updatedAt`, `deleteAt`, `email`, `password`, `firstName`, `lastName`, `school`, `active`) VALUES (88, '2010-02-04 04:16:46', '1984-02-25 21:07:03', '1985-10-15 01:54:01', 'yves.martinez@example.com', '58c87c5217d02e5791b2b960286c083710deeabd9a794c07c2aa843afca2be92', 'Lucas', 'Brunet', 'nulla', 0);
INSERT INTO User (`id`, `createAt`, `updatedAt`, `deleteAt`, `email`, `password`, `firstName`, `lastName`, `school`, `active`) VALUES (89, '1979-06-03 18:48:35', '2017-04-11 08:59:48', '2004-04-29 17:20:40', 'perrot.éric@example.org', '03b1c9f01d6d39312f799cc35f91d49c5ddd90608c7964e6493ca604014bc4c0', 'Georges', 'Germain', 'facilis', 0);
INSERT INTO User (`id`, `createAt`, `updatedAt`, `deleteAt`, `email`, `password`, `firstName`, `lastName`, `school`, `active`) VALUES (90, '2003-09-02 10:11:07', '2002-05-24 09:30:45', '1977-01-25 21:16:10', 'stéphane.reynaud@example.com', '1aebee5970b9746a6f92a4c06e5b1d0405fde41368880b649d559d7500d2b3a0', 'Alexandria', 'Tanguy', 'itaque', 1);
INSERT INTO User (`id`, `createAt`, `updatedAt`, `deleteAt`, `email`, `password`, `firstName`, `lastName`, `school`, `active`) VALUES (91, '1985-06-28 13:27:10', '1976-07-29 15:41:41', '1981-08-15 01:28:29', 'chevalier.marthe@example.net', 'f6cbb0dc1e3c6bf65fec50bd99f9bed81a40f31c699df9cd2af4e4a2ef73832a', 'Maryse', 'Muller', 'amet', 0);
INSERT INTO User (`id`, `createAt`, `updatedAt`, `deleteAt`, `email`, `password`, `firstName`, `lastName`, `school`, `active`) VALUES (92, '1987-03-25 06:21:59', '2015-08-19 20:15:07', '1973-06-19 15:04:12', 'hdelattre@example.net', '3fecaed91d27a09e9cc4a1dc8c5d9c7c0ea0c83a8740f6f85667a9f8a3b9270b', 'Julien', 'Albert', 'ex', 0);
INSERT INTO User (`id`, `createAt`, `updatedAt`, `deleteAt`, `email`, `password`, `firstName`, `lastName`, `school`, `active`) VALUES (93, '1998-05-01 07:14:42', '2017-07-03 15:31:35', '1986-12-05 17:02:00', 'pmartins@example.net', '2d8545d3c496a64068f58170231bd4f9caaa533493369ca6a62aa1ad3ca91475', 'Henri', 'Levy', 'nemo', 1);
INSERT INTO User (`id`, `createAt`, `updatedAt`, `deleteAt`, `email`, `password`, `firstName`, `lastName`, `school`, `active`) VALUES (94, '1988-07-13 05:25:17', '1974-10-08 08:31:45', '1989-08-03 06:52:32', 'guy57@example.com', 'b87ec1469069242cce5bbbcfdc12c54e7a85ffaf38cad1531da035d68e19ee5f', 'Chantal', 'Denis', 'recusandae', 0);
INSERT INTO User (`id`, `createAt`, `updatedAt`, `deleteAt`, `email`, `password`, `firstName`, `lastName`, `school`, `active`) VALUES (95, '2009-02-09 01:45:23', '2011-12-07 15:02:30', '1976-04-17 22:47:56', 'chantal42@example.org', 'f4eb0d6711e074cf51b2da0eacb3e903c23bbb9387ae5763f73179bc9b271e06', 'Adrienne', 'Thibault', 'minus', 0);
INSERT INTO User (`id`, `createAt`, `updatedAt`, `deleteAt`, `email`, `password`, `firstName`, `lastName`, `school`, `active`) VALUES (96, '1977-09-06 23:52:33', '1995-07-14 23:46:35', '2003-01-06 00:48:22', 'roche.christiane@example.org', '9a042dbc6f702d6d1b4860a09751cbbba0fdb14697e9258df9134c5c0c77c9c6', 'Julien', 'Chauvet', 'et', 0);
INSERT INTO User (`id`, `createAt`, `updatedAt`, `deleteAt`, `email`, `password`, `firstName`, `lastName`, `school`, `active`) VALUES (97, '1987-01-17 02:28:21', '2005-01-30 10:41:12', '1973-07-16 09:41:16', 'mendes.hélène@example.net', 'b6d0af9952201707f3f987e98551ae8c36583f7705e6417eb9315ee0c0833c0e', 'Alexandre', 'Marin', 'et', 0);
INSERT INTO User (`id`, `createAt`, `updatedAt`, `deleteAt`, `email`, `password`, `firstName`, `lastName`, `school`, `active`) VALUES (98, '1994-09-05 16:26:54', '1998-12-16 10:10:44', '2015-04-21 21:02:19', 'pires.thibault@example.net', 'ba9314e47abc2200f2f86d5615dc27c0c42a6b181ec8171a32a9f8fadc6723a4', 'Alice', 'Lenoir', 'aut', 0);
INSERT INTO User (`id`, `createAt`, `updatedAt`, `deleteAt`, `email`, `password`, `firstName`, `lastName`, `school`, `active`) VALUES (99, '1984-07-27 06:34:59', '1976-05-13 13:38:33', '1995-02-19 11:13:34', 'brun.lorraine@example.net', '08947109306162986de1f4baccb90047442bff738cfefa6882cfa6911c35fa55', 'Eugène', 'Mace', 'minima', 1);
INSERT INTO User (`id`, `createAt`, `updatedAt`, `deleteAt`, `email`, `password`, `firstName`, `lastName`, `school`, `active`) VALUES (100, '1991-01-31 13:45:38', '2012-05-29 17:21:27', '1978-03-27 17:45:54', 'amélie48@example.net', 'fcb01e85ac65893c71e6a45f8d7b6c546eb911857a7d5b10f7d893e51937697f', 'Olivier', 'Carre', 'autem', 0);


--
-- Service
--

INSERT INTO Service (`id`, `name`, `startingDate`, `endingDate`, `nbMax`, `categoryId`) VALUES (1, 'Festival', '2006-05-30 01:02:34', '1981-04-17 20:48:37', 4, 4);
INSERT INTO Service (`id`, `name`, `startingDate`, `endingDate`, `nbMax`, `categoryId`) VALUES (2, 'Soirée skoll', '1989-01-25 22:47:23', '1996-08-09 00:38:41', 7, 2);
INSERT INTO Service (`id`, `name`, `startingDate`, `endingDate`, `nbMax`, `categoryId`) VALUES (3, 'Midi', '2007-02-08 23:17:16', '1985-03-22 10:13:50', 5, 3);
INSERT INTO Service (`id`, `name`, `startingDate`, `endingDate`, `nbMax`, `categoryId`) VALUES (4, 'Soirée inter-depart', '1977-01-11 13:02:49', '1977-05-24 01:48:40', 7, 2);


--
-- Role
--

INSERT INTO Role (`id`, `name`, `description`) VALUES (1, 'Président', 'Velit omnis eos accusantium. Est inventore beatae atque corrupti. Saepe aliquid itaque doloremque.');
INSERT INTO Role (`id`, `name`, `description`) VALUES (2, 'Secrétaire', 'Possimus quia ut suscipit impedit quidem. Similique pariatur deleniti unde quia. Officia recusandae nostrum cum autem debitis error et.');
INSERT INTO Role (`id`, `name`, `description`) VALUES (3, 'Trésorier', 'Dolorem ut alias ut aut iusto itaque. Aut sunt officiis quo sequi assumenda omnis asperiores. Quam vel at et itaque et dolorem.');
INSERT INTO Role (`id`, `name`, `description`) VALUES (4, 'Vice-président', 'Animi veniam eligendi quo est at esse et. Molestiae ut consequatur a sit aut quia. Illum asperiores cumque rerum culpa dicta nemo nobis. In deserunt similique quo.');
INSERT INTO Role (`id`, `name`, `description`) VALUES (5, 'Vice-trésorier', 'Officia animi eligendi deserunt accusantium. Qui nisi earum qui dolores consequuntur. Neque et aperiam voluptas odit eligendi. Et perferendis quos laboriosam ullam.');
INSERT INTO Role (`id`, `name`, `description`) VALUES (6, 'Le mec inutile', 'Quis aliquid aut voluptatem. Eius quidem iure a a porro perspiciatis atque. Accusamus deleniti eius perferendis temporibus quia. Eum dolor cupiditate saepe sequi quibusdam.');

--
-- Kommissions
--


INSERT INTO Kommission (`id`, `name`, `description`) VALUES (1, 'I suppose Dinah\'ll be sending me on.', 'Est est illum ea id voluptatum veritatis quia. Laudantium nesciunt doloremque eum pariatur magni debitis et deleniti. Magni voluptatem itaque voluptas est dolorem.');
INSERT INTO Kommission (`id`, `name`, `description`) VALUES (2, 'Majesty!\' the soldiers had to ask the.', 'Temporibus ea eveniet ut blanditiis veritatis. Perspiciatis possimus eaque et. Rerum suscipit in deserunt dolorum quia itaque facilis.');
INSERT INTO Kommission (`id`, `name`, `description`) VALUES (3, 'I shall fall right THROUGH the earth! How.', 'Voluptatem accusantium cupiditate suscipit ipsum ea id iusto aut. Provident quia et ipsam et est suscipit voluptatibus. Voluptas fuga cumque culpa repudiandae. Sed ut veniam labore neque iste esse. Doloribus recusandae consequuntur et maiores.');
INSERT INTO Kommission (`id`, `name`, `description`) VALUES (4, 'And she\'s such a thing I know. Silence all.', 'Voluptatum nihil aut voluptatum nam dolorum. Ut sunt placeat nemo optio sit ut. Excepturi ut omnis quo qui rerum et. Ea molestiae explicabo non. Ut cupiditate qui molestiae quasi nulla consequuntur reprehenderit.');
INSERT INTO Kommission (`id`, `name`, `description`) VALUES (5, 'At last the Mock Turtle Soup is made from,\'.', 'Minus sunt voluptatem magni facilis mollitia. Reprehenderit expedita suscipit libero sunt soluta vel accusantium.');
INSERT INTO Kommission (`id`, `name`, `description`) VALUES (6, 'On which Seven looked up and walking off to.', 'Sint reiciendis vitae laborum mollitia possimus. Ea est tempora sunt iure et. Dignissimos impedit ullam expedita beatae. Laudantium quam assumenda exercitationem quos et non. Nostrum natus debitis qui voluptatibus et libero.');
INSERT INTO Kommission (`id`, `name`, `description`) VALUES (7, 'Lory and an Eaglet, and several other.', 'Quo hic sed harum repudiandae neque excepturi. Tempora exercitationem accusantium quos repellat esse asperiores. Rerum omnis accusantium officia omnis voluptatibus nihil enim.');
INSERT INTO Kommission (`id`, `name`, `description`) VALUES (8, 'Alice (she was so much into the garden with.', 'Saepe porro sed sint eos et quod. Tempore quia eligendi qui dignissimos neque voluptas. Excepturi et et aliquid libero. Nihil consequatur inventore laborum distinctio rerum.');
INSERT INTO Kommission (`id`, `name`, `description`) VALUES (9, 'Dodo solemnly presented the thimble,.', 'Dolores tempora suscipit omnis ab praesentium. Recusandae eaque dolor deleniti quaerat iusto placeat provident nemo. Ipsa suscipit porro dicta voluptatum consectetur reiciendis. Aut corporis expedita vero cupiditate libero porro error debitis.');


--
-- Category
--

INSERT INTO Category (`id`, `name`) VALUES (1, 'Standard 1');
INSERT INTO Category (`id`, `name`) VALUES (2, 'Standard 2');
INSERT INTO Category (`id`, `name`) VALUES (3, ' Exceptionnel');
INSERT INTO Category (`id`, `name`) VALUES (4, 'Standard 3');

--
-- Barman
--

INSERT INTO Barman (`userId`, `nickname`, `facebook`, `godFather`, `dateOfBirth`, `flow`) VALUES (4, 'Vida', 'http://www.kuvalisjacobi.com/', NULL, '1973-01-11', 'Reiciendis doloremque soluta officiis ullam. Minima voluptatem excepturi autem doloribus. Quia quia id maiores. Voluptatem rerum deleniti quibusdam.');
INSERT INTO Barman (`userId`, `nickname`, `facebook`, `godFather`, `dateOfBirth`, `flow`) VALUES (15, 'Eddie', 'http://www.kemmer.com/', NULL, '1984-12-13', 'Voluptatum sed voluptatem repellendus voluptatem molestiae. Beatae deleniti dolores nemo totam deleniti suscipit. Hic voluptatem inventore aut numquam est rerum eos. Tenetur voluptates sit non.');
INSERT INTO Barman (`userId`, `nickname`, `facebook`, `godFather`, `dateOfBirth`, `flow`) VALUES (18, 'Earnestine', 'http://jenkins.biz/', NULL, '1992-12-24', 'Nemo saepe cupiditate eos. Odio porro inventore velit neque. Vero sit saepe dolor culpa provident odio. Et nemo quae aliquid mollitia maiores pariatur.');
INSERT INTO Barman (`userId`, `nickname`, `facebook`, `godFather`, `dateOfBirth`, `flow`) VALUES (24, 'Willy', 'http://douglas.com/', NULL, '1971-04-03', 'Ut odit nihil sed facere qui eius quaerat recusandae. Quod libero reiciendis ab quia voluptatem maiores perspiciatis. Rem consequatur cupiditate et nobis voluptatem delectus dolorem.');
INSERT INTO Barman (`userId`, `nickname`, `facebook`, `godFather`, `dateOfBirth`, `flow`) VALUES (25, 'Samanta', 'http://fay.biz/', NULL, '1970-02-22', 'Facilis rem explicabo harum consequatur soluta doloribus quo. Animi quia maxime ut. Ut rem molestiae magni a esse eum. Delectus culpa in hic.');
INSERT INTO Barman (`userId`, `nickname`, `facebook`, `godFather`, `dateOfBirth`, `flow`) VALUES (28, 'Vince', 'http://oconnerreinger.com/', NULL, '1975-01-18', 'Corrupti repellendus et dolorem ut qui voluptatem. Accusamus et nihil natus in minus autem reprehenderit. Ducimus sunt dolorem non ipsam laudantium saepe. Aut et veritatis unde assumenda reprehenderit odit quia.');
INSERT INTO Barman (`userId`, `nickname`, `facebook`, `godFather`, `dateOfBirth`, `flow`) VALUES (29, 'Elaina', 'http://pourosboyle.com/', NULL, '1988-03-29', 'Veritatis laboriosam qui qui. Odit qui aliquam delectus quis ut. Molestiae dolorem eum et pariatur. Laudantium fugit inventore omnis velit corporis laborum.');
INSERT INTO Barman (`userId`, `nickname`, `facebook`, `godFather`, `dateOfBirth`, `flow`) VALUES (32, 'Lavern', 'http://hudson.com/', NULL, '1984-04-23', 'Ut qui ipsam itaque temporibus rem sed inventore. Sint animi dolorum voluptatem eos sed quaerat dolore. Quos aut soluta voluptates fuga consequatur rerum.');
INSERT INTO Barman (`userId`, `nickname`, `facebook`, `godFather`, `dateOfBirth`, `flow`) VALUES (41, 'Malvina', 'http://schimmel.com/', NULL, '1984-01-28', 'Ipsa rem perspiciatis quasi. In reprehenderit quia voluptas minus sed ut magnam. Temporibus sapiente enim quae expedita ad autem. Eum dolorem corrupti praesentium unde sunt placeat.');
INSERT INTO Barman (`userId`, `nickname`, `facebook`, `godFather`, `dateOfBirth`, `flow`) VALUES (44, 'Donato', 'http://www.kunze.com/', NULL, '1998-01-27', 'Eaque et ut deserunt eum doloribus eos. Nisi est repudiandae ut. Rerum odio est dolor rerum labore id. Velit commodi illum omnis quod esse et.');
INSERT INTO Barman (`userId`, `nickname`, `facebook`, `godFather`, `dateOfBirth`, `flow`) VALUES (45, 'Jon', 'http://osinskilarson.com/', NULL, '1980-01-23', 'Velit incidunt voluptatem qui et quaerat velit nihil. Nulla ipsa et officia quia porro dolorem aperiam aut. Nobis dolore ab et quasi.');
INSERT INTO Barman (`userId`, `nickname`, `facebook`, `godFather`, `dateOfBirth`, `flow`) VALUES (50, 'Jeromy', 'http://homenick.com/', NULL, '1992-12-01', 'Et et eveniet sit repudiandae et nulla est a. Labore nam magnam sit soluta ut. Ut aspernatur ea voluptatem aut id beatae. Enim ipsam iusto tempora ut consequatur. Eos dignissimos quo reiciendis explicabo.');
INSERT INTO Barman (`userId`, `nickname`, `facebook`, `godFather`, `dateOfBirth`, `flow`) VALUES (72, 'Mireille', 'http://www.auerparker.info/', NULL, '1984-10-27', 'Sunt sequi rerum tempore sit nam alias est. Assumenda maxime nisi ducimus delectus. Nostrum quam repudiandae voluptatem quas mollitia quaerat. Quos eius voluptate quidem tempore quia fuga velit et.');
INSERT INTO Barman (`userId`, `nickname`, `facebook`, `godFather`, `dateOfBirth`, `flow`) VALUES (73, 'Shanon', 'http://www.bailey.com/', NULL, '1999-07-14', 'Consequatur aliquid cupiditate voluptatum veritatis. Labore quasi ipsum occaecati.');
INSERT INTO Barman (`userId`, `nickname`, `facebook`, `godFather`, `dateOfBirth`, `flow`) VALUES (74, 'Noah', 'http://www.smitham.com/', NULL, '1991-09-14', 'Voluptatem voluptates alias facilis iusto deserunt dignissimos iste. Corrupti magni qui voluptatum accusamus.');
INSERT INTO Barman (`userId`, `nickname`, `facebook`, `godFather`, `dateOfBirth`, `flow`) VALUES (83, 'Kayli', 'http://kessler.com/', NULL, '1987-02-03', 'Esse quo quo quae possimus pariatur doloribus. Modi atque reprehenderit aut nobis rerum. Rem quo et et eum. Quia quo aliquam dolor vel voluptate in. Reiciendis qui vero debitis repudiandae quia nihil culpa.');
INSERT INTO Barman (`userId`, `nickname`, `facebook`, `godFather`, `dateOfBirth`, `flow`) VALUES (86, 'Lily', 'http://www.dareeffertz.com/', NULL, '1999-11-01', 'Debitis ipsum modi iusto repellendus vero cum. Nisi rerum quo quibusdam voluptas incidunt. Maxime soluta sapiente fugit et. Non voluptatem natus similique fugit ipsa.');
INSERT INTO Barman (`userId`, `nickname`, `facebook`, `godFather`, `dateOfBirth`, `flow`) VALUES (90, 'Louie', 'http://www.stark.info/', NULL, '1999-01-28', 'Quasi voluptates quo vel perferendis error fugit animi. Praesentium sed rerum sunt voluptates vero. Rerum consequatur asperiores et. Velit aspernatur laboriosam vel qui cumque nostrum suscipit.');
INSERT INTO Barman (`userId`, `nickname`, `facebook`, `godFather`, `dateOfBirth`, `flow`) VALUES (91, 'Jovanny', 'http://www.kreiger.com/', NULL, '1997-02-08', 'Error corporis cum beatae culpa. Corrupti non dolores vitae ullam. Corrupti nemo optio impedit quo illum quia ea iure.');


--
-- Foreign keys
--


INSERT INTO BarmanHasRole (`barmanId`, `roleId`, `createdAt`, `updatedAt`) VALUES (15, 5, '2009-06-08 16:25:33', '1972-10-08 12:51:06');
INSERT INTO BarmanHasRole (`barmanId`, `roleId`, `createdAt`, `updatedAt`) VALUES (28, 3, '2016-12-25 09:23:19', '1973-05-06 10:33:08');
INSERT INTO BarmanHasRole (`barmanId`, `roleId`, `createdAt`, `updatedAt`) VALUES (83, 3, '1975-02-18 01:57:40', '2009-05-14 20:19:50');
INSERT INTO BarmanHasRole (`barmanId`, `roleId`, `createdAt`, `updatedAt`) VALUES (83, 5, '1976-06-04 04:44:15', '1985-05-23 03:21:14');
INSERT INTO BarmanHasRole (`barmanId`, `roleId`, `createdAt`, `updatedAt`) VALUES (86, 3, '2009-01-22 11:50:11', '1992-02-01 06:49:44');



INSERT INTO BarmanHasService (`barmanId`, `serviceId`, `createdAt`, `updatedAt`) VALUES (4, 1, '1989-06-04 19:11:07', '1980-01-11 11:01:15');
INSERT INTO BarmanHasService (`barmanId`, `serviceId`, `createdAt`, `updatedAt`) VALUES (4, 2, '1999-04-01 02:29:40', '1980-06-17 08:17:16');
INSERT INTO BarmanHasService (`barmanId`, `serviceId`, `createdAt`, `updatedAt`) VALUES (4, 3, '2014-01-20 17:44:14', '1979-02-27 01:47:03');
INSERT INTO BarmanHasService (`barmanId`, `serviceId`, `createdAt`, `updatedAt`) VALUES (15, 4, '1992-06-08 14:14:38', '2012-07-28 03:16:52');
INSERT INTO BarmanHasService (`barmanId`, `serviceId`, `createdAt`, `updatedAt`) VALUES (18, 3, '2014-04-17 03:19:34', '1988-04-05 06:32:16');
INSERT INTO BarmanHasService (`barmanId`, `serviceId`, `createdAt`, `updatedAt`) VALUES (18, 4, '1975-04-07 17:53:23', '1992-03-31 23:32:41');
INSERT INTO BarmanHasService (`barmanId`, `serviceId`, `createdAt`, `updatedAt`) VALUES (24, 4, '1979-08-02 23:26:34', '1983-04-18 00:00:47');
INSERT INTO BarmanHasService (`barmanId`, `serviceId`, `createdAt`, `updatedAt`) VALUES (25, 2, '1978-05-17 12:58:53', '1991-02-11 23:32:12');
INSERT INTO BarmanHasService (`barmanId`, `serviceId`, `createdAt`, `updatedAt`) VALUES (25, 4, '1997-04-01 18:27:53', '2003-05-24 18:17:41');
INSERT INTO BarmanHasService (`barmanId`, `serviceId`, `createdAt`, `updatedAt`) VALUES (28, 2, '1995-10-12 00:20:03', '1974-09-16 01:29:00');
INSERT INTO BarmanHasService (`barmanId`, `serviceId`, `createdAt`, `updatedAt`) VALUES (28, 4, '2007-07-08 01:42:51', '2015-03-16 03:06:38');
INSERT INTO BarmanHasService (`barmanId`, `serviceId`, `createdAt`, `updatedAt`) VALUES (29, 2, '1980-02-11 16:00:13', '1996-11-09 00:12:00');
INSERT INTO BarmanHasService (`barmanId`, `serviceId`, `createdAt`, `updatedAt`) VALUES (29, 3, '2011-12-05 03:16:38', '1998-05-09 00:19:34');
INSERT INTO BarmanHasService (`barmanId`, `serviceId`, `createdAt`, `updatedAt`) VALUES (29, 4, '1996-08-06 03:22:53', '2007-06-05 09:58:25');
INSERT INTO BarmanHasService (`barmanId`, `serviceId`, `createdAt`, `updatedAt`) VALUES (32, 2, '2014-05-03 19:34:29', '1988-12-27 17:04:34');
INSERT INTO BarmanHasService (`barmanId`, `serviceId`, `createdAt`, `updatedAt`) VALUES (32, 4, '1997-01-13 03:11:20', '1986-08-17 17:45:08');
INSERT INTO BarmanHasService (`barmanId`, `serviceId`, `createdAt`, `updatedAt`) VALUES (41, 2, '1980-04-12 00:15:36', '1978-11-28 12:36:06');
INSERT INTO BarmanHasService (`barmanId`, `serviceId`, `createdAt`, `updatedAt`) VALUES (45, 4, '1972-09-14 20:54:56', '1978-04-14 12:45:10');
INSERT INTO BarmanHasService (`barmanId`, `serviceId`, `createdAt`, `updatedAt`) VALUES (50, 2, '1992-06-14 17:27:04', '2009-08-24 01:50:25');
INSERT INTO BarmanHasService (`barmanId`, `serviceId`, `createdAt`, `updatedAt`) VALUES (72, 1, '2009-05-27 04:53:01', '1972-12-14 04:28:35');
INSERT INTO BarmanHasService (`barmanId`, `serviceId`, `createdAt`, `updatedAt`) VALUES (72, 2, '1991-06-07 19:48:56', '1972-12-11 02:34:26');
INSERT INTO BarmanHasService (`barmanId`, `serviceId`, `createdAt`, `updatedAt`) VALUES (73, 1, '2009-09-23 22:42:30', '1995-03-24 12:27:22');
INSERT INTO BarmanHasService (`barmanId`, `serviceId`, `createdAt`, `updatedAt`) VALUES (73, 2, '2003-12-28 15:35:59', '2013-11-01 09:43:01');
INSERT INTO BarmanHasService (`barmanId`, `serviceId`, `createdAt`, `updatedAt`) VALUES (73, 3, '1991-06-12 08:34:45', '1988-03-26 15:21:59');
INSERT INTO BarmanHasService (`barmanId`, `serviceId`, `createdAt`, `updatedAt`) VALUES (74, 1, '1992-12-03 17:05:10', '2005-01-14 01:08:56');
INSERT INTO BarmanHasService (`barmanId`, `serviceId`, `createdAt`, `updatedAt`) VALUES (74, 3, '1996-11-13 03:11:33', '2010-05-19 07:04:59');
INSERT INTO BarmanHasService (`barmanId`, `serviceId`, `createdAt`, `updatedAt`) VALUES (83, 2, '1981-06-22 03:06:14', '2009-01-05 03:40:09');
INSERT INTO BarmanHasService (`barmanId`, `serviceId`, `createdAt`, `updatedAt`) VALUES (83, 4, '2003-10-23 10:21:04', '2003-10-25 21:18:18');
INSERT INTO BarmanHasService (`barmanId`, `serviceId`, `createdAt`, `updatedAt`) VALUES (90, 1, '2017-03-08 12:55:46', '1992-01-16 22:03:58');
INSERT INTO BarmanHasService (`barmanId`, `serviceId`, `createdAt`, `updatedAt`) VALUES (90, 2, '1970-11-20 22:10:10', '1988-09-16 15:30:05');
INSERT INTO BarmanHasService (`barmanId`, `serviceId`, `createdAt`, `updatedAt`) VALUES (91, 2, '2007-04-23 06:51:53', '1994-09-19 13:16:03');


INSERT INTO BarmanHasKommission (`barmanId`, `kommissionId`, `createdAt`, `updatedAt`) VALUES (4, 7, '1988-04-24 15:02:47', '1974-02-19 04:33:11');
INSERT INTO BarmanHasKommission (`barmanId`, `kommissionId`, `createdAt`, `updatedAt`) VALUES (15, 9, '1987-08-09 08:58:57', '2008-09-29 14:08:03');
INSERT INTO BarmanHasKommission (`barmanId`, `kommissionId`, `createdAt`, `updatedAt`) VALUES (24, 2, '1992-02-09 16:16:46', '1992-12-22 15:17:56');
INSERT INTO BarmanHasKommission (`barmanId`, `kommissionId`, `createdAt`, `updatedAt`) VALUES (24, 4, '1984-04-20 17:22:45', '1972-06-22 15:05:13');
INSERT INTO BarmanHasKommission (`barmanId`, `kommissionId`, `createdAt`, `updatedAt`) VALUES (25, 4, '2008-09-09 06:19:27', '1977-02-27 12:35:07');
INSERT INTO BarmanHasKommission (`barmanId`, `kommissionId`, `createdAt`, `updatedAt`) VALUES (28, 4, '1974-10-19 00:16:29', '1979-02-13 05:09:57');
INSERT INTO BarmanHasKommission (`barmanId`, `kommissionId`, `createdAt`, `updatedAt`) VALUES (28, 7, '1974-07-22 11:32:52', '1986-09-15 17:43:44');
INSERT INTO BarmanHasKommission (`barmanId`, `kommissionId`, `createdAt`, `updatedAt`) VALUES (28, 9, '1985-06-24 11:43:49', '1996-06-24 05:43:35');
INSERT INTO BarmanHasKommission (`barmanId`, `kommissionId`, `createdAt`, `updatedAt`) VALUES (29, 2, '1982-09-11 04:38:58', '1999-09-12 07:16:15');
INSERT INTO BarmanHasKommission (`barmanId`, `kommissionId`, `createdAt`, `updatedAt`) VALUES (29, 4, '2010-02-02 12:39:41', '2001-09-26 18:35:49');
INSERT INTO BarmanHasKommission (`barmanId`, `kommissionId`, `createdAt`, `updatedAt`) VALUES (41, 5, '1996-05-01 04:35:00', '2010-02-06 20:30:18');
INSERT INTO BarmanHasKommission (`barmanId`, `kommissionId`, `createdAt`, `updatedAt`) VALUES (44, 9, '1973-06-11 05:25:07', '2015-07-09 12:50:18');
INSERT INTO BarmanHasKommission (`barmanId`, `kommissionId`, `createdAt`, `updatedAt`) VALUES (50, 6, '2015-08-19 14:01:28', '1990-03-31 13:14:51');
INSERT INTO BarmanHasKommission (`barmanId`, `kommissionId`, `createdAt`, `updatedAt`) VALUES (72, 2, '1981-09-29 14:36:14', '2008-11-03 04:38:09');
INSERT INTO BarmanHasKommission (`barmanId`, `kommissionId`, `createdAt`, `updatedAt`) VALUES (72, 5, '1983-10-19 07:54:07', '1995-04-27 09:42:07');
INSERT INTO BarmanHasKommission (`barmanId`, `kommissionId`, `createdAt`, `updatedAt`) VALUES (73, 7, '1980-12-21 07:37:57', '1980-05-08 12:09:32');
INSERT INTO BarmanHasKommission (`barmanId`, `kommissionId`, `createdAt`, `updatedAt`) VALUES (73, 8, '1996-01-09 21:55:33', '1997-11-10 17:32:15');
INSERT INTO BarmanHasKommission (`barmanId`, `kommissionId`, `createdAt`, `updatedAt`) VALUES (83, 5, '1976-07-30 03:23:00', '1997-09-13 11:03:27');
INSERT INTO BarmanHasKommission (`barmanId`, `kommissionId`, `createdAt`, `updatedAt`) VALUES (86, 5, '2008-08-05 03:42:25', '1994-09-13 12:54:40');
